,contestant_name,predicted_rank,predicted_prob,predicted_prob_normalized,num_idols_possessed,social_score,strategy_score,challenge_wins_per_day_lasted,confessionals_per_epi
0,Charlie,1,0.564800263186887,0.2381769717289711,0,8,8,0.29411764705882354,5.11
1,Kenzie,2,0.5195235542910019,0.21908372741313445,0,8,6,0.23529411764705882,5.56
2,Tiff,3,0.38902793825169657,0.1640535642245173,1,7,7,0.11764705882352941,4.89
3,Ben,4,0.2842767196415781,0.11987984537265131,0,7,6,0.29411764705882354,2.89
4,Maria,5,0.24606544816772113,0.10376610478371427,0,8,8,0.29411764705882354,2.11
5,Liz,6,0.1964382908556873,0.08283827097322197,0,3,3,0.4117647058823529,1.89
6,Q,7,0.0999824653621292,0.0421627296906358,0,4,4,0.17647058823529413,6.44
7,Venus,8,0.07123238661540218,0.030038785813153782,0,1,2,0.4117647058823529,4.44
